Model,Group,Type,MAPE
Base,NCACY45-05_1,Current,0.6169433226490679
Base,NCACY45-05_1,Current,0.3426125484075052
Base,NCACY45-05_1,Current,0.3300094069892046
Base,NCACY45-05_1,Current,0.5313512460130901
Base,NCACY45-05_1,Current,0.39254593552886613
Base,NCACY45-05_1,Current,0.3454899103115237
Base,NCACY45-05_1,Current,0.6399491968386622
Base,NCACY45-05_1,Current,0.7156620009891247
Base,NCACY45-05_1,Current,0.36200875939781
Base,NCACY45-05_1,Current,0.6374019028597575
Base,NCACY35-05_1,Current,0.1588524930854496
Base,NCACY35-05_1,Current,0.29773786938423896
Base,NCACY35-05_1,Current,0.32829437755393787
Base,NCACY35-05_1,Current,0.20360061925300504
Base,NCACY35-05_1,Current,0.3447829510407604
Base,NCACY35-05_1,Current,0.3162050076478265
Base,NCACY35-05_1,Current,0.15872705297914078
Base,NCACY35-05_1,Current,0.25816549089811874
Base,NCACY35-05_1,Current,0.31310459235156357
Base,NCACY35-05_1,Current,0.1860848743345615
Base,NCACY25-025_1,Current,0.8085503494085732
Base,NCACY25-025_1,Current,0.8651260675516393
Base,NCACY25-025_1,Current,0.8444009389598933
Base,NCACY25-025_1,Current,0.8294347152733148
Base,NCACY25-025_1,Current,0.9359707051951685
Base,NCACY25-025_1,Current,1.0931783982183327
Base,NCACY25-025_1,Current,0.9062999935980722
Base,NCACY25-025_1,Current,1.0467663779677796
Base,NCACY25-025_1,Current,0.9119992916772499
Base,NCACY25-025_1,Current,1.0720766662128765
Base,NCACY25-05_1,Current,1.0212600761148192
Base,NCACY25-05_1,Current,0.7797382988398156
Base,NCACY25-05_1,Current,0.9542833561376313
Base,NCACY25-05_1,Current,1.0034262402924605
Base,NCACY25-05_1,Current,0.7767706063552502
Base,NCACY25-05_1,Current,0.8466863639731265
Base,NCACY25-05_1,Current,0.7473004349475068
Base,NCACY25-05_1,Current,0.9103388470671369
Base,NCACY25-05_1,Current,0.8201088431389124
Base,NCACY25-05_1,Current,0.9866572321986317
Base,NCACY25-1_1,Current,0.9573009423796051
Base,NCACY25-1_1,Current,0.9524232877988998
Base,NCACY25-1_1,Current,0.9843449142093589
Base,NCACY25-1_1,Current,0.9563460867065129
Base,NCACY25-1_1,Current,0.9468659245021043
Base,NCACY25-1_1,Current,1.0412194965281223
Base,NCACY25-1_1,Current,0.9810329462971844
Base,NCACY25-1_1,Current,0.9474446616749495
Base,NCACY25-1_1,Current,1.0484104302478063
Base,NCACY25-1_1,Current,0.9748587168971492
Base,NCMCY45-05_1,Current,0.3124955385671695
Base,NCMCY45-05_1,Current,0.2876955674394041
Base,NCMCY45-05_1,Current,0.3777679960569128
Base,NCMCY45-05_1,Current,0.28181598960226856
Base,NCMCY45-05_1,Current,0.2848509055600283
Base,NCMCY45-05_1,Current,0.2767600006147641
Base,NCMCY45-05_1,Current,0.2810248427551723
Base,NCMCY45-05_1,Current,0.3746840471052037
Base,NCMCY45-05_1,Current,0.2896569838787909
Base,NCMCY45-05_1,Current,0.26736061138589534
Base,NCMCY35-05_1,Current,0.3520543582783591
Base,NCMCY35-05_1,Current,0.3658734054828724
Base,NCMCY35-05_1,Current,0.35445670409141206
Base,NCMCY35-05_1,Current,0.36303775484931006
Base,NCMCY35-05_1,Current,0.354487234707203
Base,NCMCY35-05_1,Current,0.35613086350098644
Base,NCMCY35-05_1,Current,0.35691282071781205
Base,NCMCY35-05_1,Current,0.3572900045156094
Base,NCMCY35-05_1,Current,0.35835244188896986
Base,NCMCY35-05_1,Current,0.3564328072910637
Base,NCMCY25-05_1,Current,0.2731621551924629
Base,NCMCY25-05_1,Current,0.5299976253604488
Base,NCMCY25-05_1,Current,0.2770479517422018
Base,NCMCY25-05_1,Current,0.3418309405434143
Base,NCMCY25-05_1,Current,0.37763274980134104
Base,NCMCY25-05_1,Current,0.4196260510217718
Base,NCMCY25-05_1,Current,0.2871101779067291
Base,NCMCY25-05_1,Current,0.29919676912054005
Base,NCMCY25-05_1,Current,0.276324156678355
Base,NCMCY25-05_1,Current,0.33855082766619304
Base,NCMNCACY25-05_1,Current,0.28157223437508905
Base,NCMNCACY25-05_1,Current,0.425911239163777
Base,NCMNCACY25-05_1,Current,0.32774195953842605
Base,NCMNCACY25-05_1,Current,0.2931233162765448
Base,NCMNCACY25-05_1,Current,0.44137085277476334
Base,NCMNCACY25-05_1,Current,0.21193190284349325
Base,NCMNCACY25-05_1,Current,0.4087948933347414
Base,NCMNCACY25-05_1,Current,0.2661826030841063
Base,NCMNCACY25-05_1,Current,0.22615367365327724
Base,NCMNCACY25-05_1,Current,0.20321378691393988
Base,NCMNCACY25-05_2,Current,0.5574613042720453
Base,NCMNCACY25-05_2,Current,0.5483503351652244
Base,NCMNCACY25-05_2,Current,0.6431588616866021
Base,NCMNCACY25-05_2,Current,0.6492624176948193
Base,NCMNCACY25-05_2,Current,0.5535729132669216
Base,NCMNCACY25-05_2,Current,0.4690441872970445
Base,NCMNCACY25-05_2,Current,0.4072731684101087
Base,NCMNCACY25-05_2,Current,0.4424294521390885
Base,NCMNCACY25-05_2,Current,0.5000366265442311
Base,NCMNCACY25-05_2,Current,0.6069099319884436
Base,NCMNCACY25-05_4,Current,0.2696066008342753
Base,NCMNCACY25-05_4,Current,0.34956029998093274
Base,NCMNCACY25-05_4,Current,0.2486899781336599
Base,NCMNCACY25-05_4,Current,0.3983744537684666
Base,NCMNCACY25-05_4,Current,0.3043356253688553
Base,NCMNCACY25-05_4,Current,0.3460030740249203
Base,NCMNCACY25-05_4,Current,0.26749851247454876
Base,NCMNCACY25-05_4,Current,0.5563294662548459
Base,NCMNCACY25-05_4,Current,0.38462710207761086
Base,NCMNCACY25-05_4,Current,0.24544771151107656
SOC30,NCACY45-05_1,Current,0.5956357906834648
SOC30,NCACY45-05_1,Current,0.6095286142005231
SOC30,NCACY45-05_1,Current,0.4939533993612878
SOC30,NCACY45-05_1,Current,0.7515148773941981
SOC30,NCACY45-05_1,Current,0.9514365551498314
SOC30,NCACY45-05_1,Current,1.0220869637892456
SOC30,NCACY45-05_1,Current,0.45179979121998226
SOC30,NCACY45-05_1,Current,0.9335364282175131
SOC30,NCACY45-05_1,Current,0.5036930703643278
SOC30,NCACY45-05_1,Current,0.5500962438327784
SOC30,NCACY35-05_1,Current,0.8055993965453602
SOC30,NCACY35-05_1,Current,1.4801395243634523
SOC30,NCACY35-05_1,Current,0.5146609575740805
SOC30,NCACY35-05_1,Current,1.1523317750922417
SOC30,NCACY35-05_1,Current,0.521393083252173
SOC30,NCACY35-05_1,Current,0.9087739286776272
SOC30,NCACY35-05_1,Current,0.6280847513332195
SOC30,NCACY35-05_1,Current,0.458252475217208
SOC30,NCACY35-05_1,Current,0.5746098069356492
SOC30,NCACY35-05_1,Current,0.5956222177014808
SOC30,NCACY25-025_1,Current,1.8963920396335054
SOC30,NCACY25-025_1,Current,1.5554415470688694
SOC30,NCACY25-025_1,Current,3.1481894142967164
SOC30,NCACY25-025_1,Current,1.8422169737034602
SOC30,NCACY25-025_1,Current,1.7937575943204744
SOC30,NCACY25-025_1,Current,1.5712255033856992
SOC30,NCACY25-025_1,Current,1.5908137706375387
SOC30,NCACY25-025_1,Current,2.1288307933637514
SOC30,NCACY25-025_1,Current,1.5261282445223043
SOC30,NCACY25-025_1,Current,2.173500334307664
SOC30,NCACY25-05_1,Current,1.2373373037046156
SOC30,NCACY25-05_1,Current,1.3806858895289547
SOC30,NCACY25-05_1,Current,1.2845994471241071
SOC30,NCACY25-05_1,Current,1.145594036885145
SOC30,NCACY25-05_1,Current,1.2881214471679987
SOC30,NCACY25-05_1,Current,1.2690955743413046
SOC30,NCACY25-05_1,Current,1.2985242522992002
SOC30,NCACY25-05_1,Current,1.1756121943326163
SOC30,NCACY25-05_1,Current,1.3772550827050123
SOC30,NCACY25-05_1,Current,1.4029101907860224
SOC30,NCACY25-1_1,Current,1.0359834361034186
SOC30,NCACY25-1_1,Current,1.0110222770427404
SOC30,NCACY25-1_1,Current,0.962333905848674
SOC30,NCACY25-1_1,Current,1.0758190271748296
SOC30,NCACY25-1_1,Current,1.4712356269773932
SOC30,NCACY25-1_1,Current,1.6275359345892026
SOC30,NCACY25-1_1,Current,0.983522338603514
SOC30,NCACY25-1_1,Current,1.2258904257715346
SOC30,NCACY25-1_1,Current,1.7947455702685806
SOC30,NCACY25-1_1,Current,1.0329931309033762
SOC30,NCMCY45-05_1,Current,0.4613081502332782
SOC30,NCMCY45-05_1,Current,0.5083668595858201
SOC30,NCMCY45-05_1,Current,0.7068788110163957
SOC30,NCMCY45-05_1,Current,0.4921447201230231
SOC30,NCMCY45-05_1,Current,0.6695617971951121
SOC30,NCMCY45-05_1,Current,0.4929543552944082
SOC30,NCMCY45-05_1,Current,0.49295062745679286
SOC30,NCMCY45-05_1,Current,0.614909082328517
SOC30,NCMCY45-05_1,Current,0.56669468009569
SOC30,NCMCY45-05_1,Current,0.5502819389822141
SOC30,NCMCY35-05_1,Current,0.4532690782710125
SOC30,NCMCY35-05_1,Current,0.4608692967133283
SOC30,NCMCY35-05_1,Current,0.5405263604292999
SOC30,NCMCY35-05_1,Current,0.4561037551377599
SOC30,NCMCY35-05_1,Current,0.579203911434193
SOC30,NCMCY35-05_1,Current,0.4568252872778361
SOC30,NCMCY35-05_1,Current,0.45249790992796335
SOC30,NCMCY35-05_1,Current,0.45383220454191336
SOC30,NCMCY35-05_1,Current,0.4659796372585566
SOC30,NCMCY35-05_1,Current,0.44848139701404216
SOC30,NCMCY25-05_1,Current,0.5198045095020511
SOC30,NCMCY25-05_1,Current,0.6290047786199999
SOC30,NCMCY25-05_1,Current,0.47121842494663574
SOC30,NCMCY25-05_1,Current,0.8336553800862277
SOC30,NCMCY25-05_1,Current,0.5034020691766266
SOC30,NCMCY25-05_1,Current,0.7322797348805736
SOC30,NCMCY25-05_1,Current,0.37621229169090065
SOC30,NCMCY25-05_1,Current,0.5554801067811475
SOC30,NCMCY25-05_1,Current,0.8741041705061717
SOC30,NCMCY25-05_1,Current,0.9687882720059755
SOC30,NCMNCACY25-05_1,Current,1.0019617964301661
SOC30,NCMNCACY25-05_1,Current,0.6310484095125631
SOC30,NCMNCACY25-05_1,Current,1.3191692559041528
SOC30,NCMNCACY25-05_1,Current,0.8823682179733225
SOC30,NCMNCACY25-05_1,Current,0.9512660790098245
SOC30,NCMNCACY25-05_1,Current,1.0225935540861832
SOC30,NCMNCACY25-05_1,Current,0.45564608031705334
SOC30,NCMNCACY25-05_1,Current,0.58368239851266
SOC30,NCMNCACY25-05_1,Current,0.6531011005453615
SOC30,NCMNCACY25-05_1,Current,0.6205764174527587
SOC30,NCMNCACY25-05_2,Current,1.112742838378933
SOC30,NCMNCACY25-05_2,Current,0.7433569769336418
SOC30,NCMNCACY25-05_2,Current,1.44995493807044
SOC30,NCMNCACY25-05_2,Current,0.8744635932869252
SOC30,NCMNCACY25-05_2,Current,0.8327812110792256
SOC30,NCMNCACY25-05_2,Current,2.1176904363106757
SOC30,NCMNCACY25-05_2,Current,0.9155120588761225
SOC30,NCMNCACY25-05_2,Current,0.8068803743219697
SOC30,NCMNCACY25-05_2,Current,0.936052596396083
SOC30,NCMNCACY25-05_2,Current,1.0138262155494382
SOC30,NCMNCACY25-05_4,Current,1.1804227388312498
SOC30,NCMNCACY25-05_4,Current,1.5896529937006114
SOC30,NCMNCACY25-05_4,Current,2.044561522900603
SOC30,NCMNCACY25-05_4,Current,0.7081687412550877
SOC30,NCMNCACY25-05_4,Current,1.3020192633792793
SOC30,NCMNCACY25-05_4,Current,0.8409062908890294
SOC30,NCMNCACY25-05_4,Current,1.2253475818367225
SOC30,NCMNCACY25-05_4,Current,1.115906508212688
SOC30,NCMNCACY25-05_4,Current,1.2793611343689686
SOC30,NCMNCACY25-05_4,Current,0.8587803359842217
SOC40,NCACY45-05_1,Current,1.4340887357892458
SOC40,NCACY45-05_1,Current,0.8805939024047384
SOC40,NCACY45-05_1,Current,0.798555487225327
SOC40,NCACY45-05_1,Current,0.9020716828908603
SOC40,NCACY45-05_1,Current,0.784265440605186
SOC40,NCACY45-05_1,Current,1.1011268868942656
SOC40,NCACY45-05_1,Current,0.978325106710791
SOC40,NCACY45-05_1,Current,0.8364084455678353
SOC40,NCACY45-05_1,Current,0.6261972132873498
SOC40,NCACY45-05_1,Current,1.0139104380771824
SOC40,NCACY35-05_1,Current,1.7639616362482995
SOC40,NCACY35-05_1,Current,1.2567500596515904
SOC40,NCACY35-05_1,Current,1.6728432751770579
SOC40,NCACY35-05_1,Current,1.59494448427293
SOC40,NCACY35-05_1,Current,2.113721942077019
SOC40,NCACY35-05_1,Current,2.1150017187974997
SOC40,NCACY35-05_1,Current,1.4770245216244426
SOC40,NCACY35-05_1,Current,2.086397434644552
SOC40,NCACY35-05_1,Current,1.685833771255123
SOC40,NCACY35-05_1,Current,1.6004859749699931
SOC40,NCACY25-025_1,Current,3.130586248975292
SOC40,NCACY25-025_1,Current,3.4474818750736227
SOC40,NCACY25-025_1,Current,2.753569104689241
SOC40,NCACY25-025_1,Current,3.886421235222763
SOC40,NCACY25-025_1,Current,3.109935190563559
SOC40,NCACY25-025_1,Current,3.7803392057786893
SOC40,NCACY25-025_1,Current,2.9672939120380035
SOC40,NCACY25-025_1,Current,3.015739017705208
SOC40,NCACY25-025_1,Current,3.1840050001903304
SOC40,NCACY25-025_1,Current,3.031616542184973
SOC40,NCACY25-05_1,Current,2.0524107324711687
SOC40,NCACY25-05_1,Current,1.9644814420369476
SOC40,NCACY25-05_1,Current,1.7784941423346394
SOC40,NCACY25-05_1,Current,1.6121465015326162
SOC40,NCACY25-05_1,Current,1.8098850513376685
SOC40,NCACY25-05_1,Current,1.768354339134147
SOC40,NCACY25-05_1,Current,2.6580704697380733
SOC40,NCACY25-05_1,Current,1.718356983864738
SOC40,NCACY25-05_1,Current,1.843767922429387
SOC40,NCACY25-05_1,Current,2.510900824635934
SOC40,NCACY25-1_1,Current,1.0359834361034186
SOC40,NCACY25-1_1,Current,0.962333905848674
SOC40,NCACY25-1_1,Current,1.0758190271748296
SOC40,NCACY25-1_1,Current,0.983522338603514
SOC40,NCACY25-1_1,Current,1.2258904257715346
SOC40,NCACY25-1_1,Current,1.7947455702685806
SOC40,NCACY25-1_1,Current,1.0329931309033762
SOC40,NCACY25-1_1,Current,2.102170875074057
SOC40,NCACY25-1_1,Current,2.5679433549390427
SOC40,NCACY25-1_1,Current,2.0001177183207814
SOC40,NCMCY45-05_1,Current,0.6076425233784888
SOC40,NCMCY45-05_1,Current,1.235790722587411
SOC40,NCMCY45-05_1,Current,1.0062883211908586
SOC40,NCMCY45-05_1,Current,0.8717904574938434
SOC40,NCMCY45-05_1,Current,1.0259216221873348
SOC40,NCMCY45-05_1,Current,0.8655864412089967
SOC40,NCMCY45-05_1,Current,0.6506973398185871
SOC40,NCMCY45-05_1,Current,0.576874250453833
SOC40,NCMCY45-05_1,Current,1.3552044465460986
SOC40,NCMCY45-05_1,Current,0.544885991550482
SOC40,NCMCY35-05_1,Current,0.5772070811892447
SOC40,NCMCY35-05_1,Current,0.688995840141984
SOC40,NCMCY35-05_1,Current,0.5443031803295344
SOC40,NCMCY35-05_1,Current,0.5466786918217917
SOC40,NCMCY35-05_1,Current,0.8022293331966142
SOC40,NCMCY35-05_1,Current,0.9381990991193809
SOC40,NCMCY35-05_1,Current,0.5548391324136642
SOC40,NCMCY35-05_1,Current,1.1713692768721158
SOC40,NCMCY35-05_1,Current,0.57357080098495
SOC40,NCMCY35-05_1,Current,0.6116286235184349
SOC40,NCMCY25-05_1,Current,1.0934970626378784
SOC40,NCMCY25-05_1,Current,0.9662177868673834
SOC40,NCMCY25-05_1,Current,0.6778805337790824
SOC40,NCMCY25-05_1,Current,1.2530325898601737
SOC40,NCMCY25-05_1,Current,1.0156866763742567
SOC40,NCMCY25-05_1,Current,0.8684860379465271
SOC40,NCMCY25-05_1,Current,1.3716112053899547
SOC40,NCMCY25-05_1,Current,0.8123912132184576
SOC40,NCMCY25-05_1,Current,0.7833448495368461
SOC40,NCMCY25-05_1,Current,0.9809128075821981
SOC40,NCMNCACY25-05_1,Current,1.4157017844079922
SOC40,NCMNCACY25-05_1,Current,1.3666376494372052
SOC40,NCMNCACY25-05_1,Current,0.9310478658742689
SOC40,NCMNCACY25-05_1,Current,0.9613983240619356
SOC40,NCMNCACY25-05_1,Current,0.7288640403267048
SOC40,NCMNCACY25-05_1,Current,0.6300049429999961
SOC40,NCMNCACY25-05_1,Current,1.9645914784869636
SOC40,NCMNCACY25-05_1,Current,0.7941602397656958
SOC40,NCMNCACY25-05_1,Current,0.5914649234049743
SOC40,NCMNCACY25-05_1,Current,0.6826997331664258
SOC40,NCMNCACY25-05_2,Current,1.2931682868171046
SOC40,NCMNCACY25-05_2,Current,1.3139087023821001
SOC40,NCMNCACY25-05_2,Current,1.2995566044657536
SOC40,NCMNCACY25-05_2,Current,1.3992633142310342
SOC40,NCMNCACY25-05_2,Current,1.8151730700637803
SOC40,NCMNCACY25-05_2,Current,1.8080894353145245
SOC40,NCMNCACY25-05_2,Current,2.1350758528012834
SOC40,NCMNCACY25-05_2,Current,1.5946939495173915
SOC40,NCMNCACY25-05_2,Current,1.2550384331158915
SOC40,NCMNCACY25-05_2,Current,1.740801557007765
SOC40,NCMNCACY25-05_4,Current,0.7595783431636338
SOC40,NCMNCACY25-05_4,Current,1.3102119398551857
SOC40,NCMNCACY25-05_4,Current,0.993834799751135
SOC40,NCMNCACY25-05_4,Current,1.0690114280303864
SOC40,NCMNCACY25-05_4,Current,1.1999733320440993
SOC40,NCMNCACY25-05_4,Current,0.8390616451619539
SOC40,NCMNCACY25-05_4,Current,1.1564958460593853
SOC40,NCMNCACY25-05_4,Current,1.3752506212504374
SOC40,NCMNCACY25-05_4,Current,1.0623943332257466
SOC40,NCMNCACY25-05_4,Current,1.2352477090168374
SOC50,NCACY45-05_1,Current,1.356985664373256
SOC50,NCACY45-05_1,Current,1.2308978039003757
SOC50,NCACY45-05_1,Current,0.7942988851120949
SOC50,NCACY45-05_1,Current,0.8034717298027185
SOC50,NCACY45-05_1,Current,0.8986316288557016
SOC50,NCACY45-05_1,Current,0.9398224501638315
SOC50,NCACY45-05_1,Current,0.9043770016832872
SOC50,NCACY45-05_1,Current,1.087838763067653
SOC50,NCACY45-05_1,Current,0.8536395909615571
SOC50,NCACY45-05_1,Current,1.5066933258696475
SOC50,NCACY35-05_1,Current,1.8563988382193732
SOC50,NCACY35-05_1,Current,1.7650255993285329
SOC50,NCACY35-05_1,Current,1.7537372052778037
SOC50,NCACY35-05_1,Current,1.3547016532317515
SOC50,NCACY35-05_1,Current,1.9158849971734777
SOC50,NCACY35-05_1,Current,2.129014235398874
SOC50,NCACY35-05_1,Current,1.5594928448772818
SOC50,NCACY35-05_1,Current,2.1941927977462554
SOC50,NCACY35-05_1,Current,1.7324473482645215
SOC50,NCACY35-05_1,Current,1.7373008795090703
SOC50,NCACY25-025_1,Current,3.4052576327082793
SOC50,NCACY25-025_1,Current,2.99187412271398
SOC50,NCACY25-025_1,Current,2.7602609598090626
SOC50,NCACY25-025_1,Current,3.757245954520728
SOC50,NCACY25-025_1,Current,3.137359855127183
SOC50,NCACY25-025_1,Current,3.7974690634791015
SOC50,NCACY25-025_1,Current,2.9536907837777893
SOC50,NCACY25-025_1,Current,2.885861235271058
SOC50,NCACY25-025_1,Current,3.042551453132592
SOC50,NCACY25-025_1,Current,2.8399648440200123
SOC50,NCACY25-05_1,Current,2.1654023559978013
SOC50,NCACY25-05_1,Current,1.995397020998984
SOC50,NCACY25-05_1,Current,1.8355866929473847
SOC50,NCACY25-05_1,Current,1.5898876720385307
SOC50,NCACY25-05_1,Current,1.7681283097516673
SOC50,NCACY25-05_1,Current,1.7107024352847222
SOC50,NCACY25-05_1,Current,2.2691606183125703
SOC50,NCACY25-05_1,Current,1.7109083100735778
SOC50,NCACY25-05_1,Current,2.074006042527616
SOC50,NCACY25-05_1,Current,2.007403465787294
SOC50,NCACY25-1_1,Current,1.0359834361034186
SOC50,NCACY25-1_1,Current,1.0110222770427404
SOC50,NCACY25-1_1,Current,3.0961923642705282
SOC50,NCACY25-1_1,Current,2.166741338442338
SOC50,NCACY25-1_1,Current,2.652644551899987
SOC50,NCACY25-1_1,Current,2.5554008623446975
SOC50,NCACY25-1_1,Current,2.893242350637343
SOC50,NCACY25-1_1,Current,2.5466516855334547
SOC50,NCACY25-1_1,Current,2.0080008065650197
SOC50,NCACY25-1_1,Current,1.8021467991441171
SOC50,NCMCY45-05_1,Current,0.7433105109063628
SOC50,NCMCY45-05_1,Current,0.7651758047485776
SOC50,NCMCY45-05_1,Current,0.883058763941867
SOC50,NCMCY45-05_1,Current,0.8461945560051691
SOC50,NCMCY45-05_1,Current,1.1325737714133954
SOC50,NCMCY45-05_1,Current,0.7252551493958871
SOC50,NCMCY45-05_1,Current,0.7440910179108559
SOC50,NCMCY45-05_1,Current,0.9577888446654543
SOC50,NCMCY45-05_1,Current,1.3223260979207472
SOC50,NCMCY45-05_1,Current,0.556520254685559
SOC50,NCMCY35-05_1,Current,0.6085794973713479
SOC50,NCMCY35-05_1,Current,0.7272233935914432
SOC50,NCMCY35-05_1,Current,0.3987940129577787
SOC50,NCMCY35-05_1,Current,0.4793499023393582
SOC50,NCMCY35-05_1,Current,0.6060635359126205
SOC50,NCMCY35-05_1,Current,1.365718030642728
SOC50,NCMCY35-05_1,Current,0.3505166106677912
SOC50,NCMCY35-05_1,Current,0.5584226524401124
SOC50,NCMCY35-05_1,Current,0.5339665943081101
SOC50,NCMCY35-05_1,Current,0.5754406888273167
SOC50,NCMCY25-05_1,Current,0.9987778257307197
SOC50,NCMCY25-05_1,Current,1.1561043492851022
SOC50,NCMCY25-05_1,Current,0.8142687438370594
SOC50,NCMCY25-05_1,Current,0.6169110527638286
SOC50,NCMCY25-05_1,Current,0.9366408021140131
SOC50,NCMCY25-05_1,Current,0.6110304236786045
SOC50,NCMCY25-05_1,Current,1.8606673997141352
SOC50,NCMCY25-05_1,Current,0.6841180994457604
SOC50,NCMCY25-05_1,Current,0.7792944932335365
SOC50,NCMCY25-05_1,Current,0.9889734477624259
SOC50,NCMNCACY25-05_1,Current,0.6337958555437101
SOC50,NCMNCACY25-05_1,Current,0.3925720881713705
SOC50,NCMNCACY25-05_1,Current,1.0578826712428704
SOC50,NCMNCACY25-05_1,Current,0.6235009754087059
SOC50,NCMNCACY25-05_1,Current,0.45510232071214013
SOC50,NCMNCACY25-05_1,Current,0.5082153296889
SOC50,NCMNCACY25-05_1,Current,0.5350261688886453
SOC50,NCMNCACY25-05_1,Current,0.5074781798121345
SOC50,NCMNCACY25-05_1,Current,0.5172994797938156
SOC50,NCMNCACY25-05_1,Current,0.5220042263148971
SOC50,NCMNCACY25-05_2,Current,0.7137009018630487
SOC50,NCMNCACY25-05_2,Current,0.7508608485695817
SOC50,NCMNCACY25-05_2,Current,0.7565993753438007
SOC50,NCMNCACY25-05_2,Current,0.7477860659197193
SOC50,NCMNCACY25-05_2,Current,0.7014427332526763
SOC50,NCMNCACY25-05_2,Current,0.9249189009558169
SOC50,NCMNCACY25-05_2,Current,2.3531455204317617
SOC50,NCMNCACY25-05_2,Current,1.059906796507371
SOC50,NCMNCACY25-05_2,Current,0.8067952378689052
SOC50,NCMNCACY25-05_2,Current,0.9558842726803631
SOC50,NCMNCACY25-05_4,Current,2.58804390246059
SOC50,NCMNCACY25-05_4,Current,1.2590339388040477
SOC50,NCMNCACY25-05_4,Current,2.180191477555967
SOC50,NCMNCACY25-05_4,Current,1.66397179273893
SOC50,NCMNCACY25-05_4,Current,1.6518739983998247
SOC50,NCMNCACY25-05_4,Current,2.2889994716958295
SOC50,NCMNCACY25-05_4,Current,1.427303235364059
SOC50,NCMNCACY25-05_4,Current,1.1696270361609495
SOC50,NCMNCACY25-05_4,Current,1.613496245844522
SOC50,NCMNCACY25-05_4,Current,1.674668001328931
Base,Random,Random,2.645173375293143
Base,Random,Random,2.9713741466004864
Base,Random,Random,2.878102493825386
Base,Random,Random,2.7506163473449963
Base,Random,Random,3.0350832291174705
Base,Random,Random,2.9648531816024275
Base,Random,Random,2.578690562272772
Base,Random,Random,2.857938331635318
Base,Random,Random,2.6614825521744043
Base,Random,Random,2.720497432120284
SOC30,Random,Random,3.0578459194205423
SOC30,Random,Random,3.3586863509809466
SOC30,Random,Random,3.2297883767876305
SOC30,Random,Random,3.3083905792843753
SOC30,Random,Random,3.351914850773903
SOC30,Random,Random,3.245855064602861
SOC30,Random,Random,3.680828221217762
SOC30,Random,Random,3.301910961003833
SOC30,Random,Random,2.9572339033118644
SOC30,Random,Random,3.113594437461243
SOC40,Random,Random,3.1362199167372538
SOC40,Random,Random,3.1193825537538205
SOC40,Random,Random,3.215332104197568
SOC40,Random,Random,3.133544690879206
SOC40,Random,Random,3.2485424235858256
SOC40,Random,Random,3.250166207964216
SOC40,Random,Random,3.422284885691271
SOC40,Random,Random,3.1001383502688435
SOC40,Random,Random,3.1877553905033182
SOC40,Random,Random,3.2840234027556674
SOC50,Random,Random,3.240719680324683
SOC50,Random,Random,3.3122833850345437
SOC50,Random,Random,3.290924570842673
SOC50,Random,Random,3.3577248487619062
SOC50,Random,Random,3.230931802963314
SOC50,Random,Random,3.5296970267977916
SOC50,Random,Random,3.3045362143731785
SOC50,Random,Random,3.1396283236699296
SOC50,Random,Random,3.645627388707632
SOC50,Random,Random,3.4632729918792506
Base,Fixed,Fixed,3.49554220018831
Base,Fixed,Fixed,3.419727232823054
Base,Fixed,Fixed,3.5670045134908737
Base,Fixed,Fixed,2.7328838042685817
Base,Fixed,Fixed,2.725808158887372
Base,Fixed,Fixed,2.462448183836032
Base,Fixed,Fixed,3.01549249357178
Base,Fixed,Fixed,2.546188768086668
Base,Fixed,Fixed,2.312957167202493
Base,Fixed,Fixed,3.297296091847924
SOC30,Fixed,Fixed,3.476848219451277
SOC30,Fixed,Fixed,3.8026440792347413
SOC30,Fixed,Fixed,2.758261124688277
SOC30,Fixed,Fixed,2.7868666412967387
SOC30,Fixed,Fixed,2.9308629143467284
SOC30,Fixed,Fixed,4.414677275579684
SOC30,Fixed,Fixed,2.7381878619928237
SOC30,Fixed,Fixed,2.835205097832694
SOC30,Fixed,Fixed,3.8083448382490115
SOC30,Fixed,Fixed,2.869923702690705
SOC40,Fixed,Fixed,3.232845543226791
SOC40,Fixed,Fixed,3.2750965069468183
SOC40,Fixed,Fixed,3.107005134987978
SOC40,Fixed,Fixed,3.3180149227361206
SOC40,Fixed,Fixed,3.1330162389112832
SOC40,Fixed,Fixed,3.738366958168677
SOC40,Fixed,Fixed,2.8120673832911542
SOC40,Fixed,Fixed,3.1789423094013274
SOC40,Fixed,Fixed,3.031545630140532
SOC40,Fixed,Fixed,3.1138110269286456
SOC50,Fixed,Fixed,2.9025370315393646
SOC50,Fixed,Fixed,2.8358163371568246
SOC50,Fixed,Fixed,4.088683699807757
SOC50,Fixed,Fixed,3.049973656563017
SOC50,Fixed,Fixed,3.270612082694382
SOC50,Fixed,Fixed,4.3946651675034785
SOC50,Fixed,Fixed,3.5081811348438596
SOC50,Fixed,Fixed,3.6125585906421205
SOC50,Fixed,Fixed,3.64630067868683
SOC50,Fixed,Fixed,2.959191479302038
Base,LSD,LSD,1.8268238000796153
Base,LSD,LSD,1.7620966327599983
Base,LSD,LSD,1.7735871886238068
Base,LSD,LSD,2.050746568478408
Base,LSD,LSD,1.9089952829433585
Base,LSD,LSD,1.609867382252168
Base,LSD,LSD,1.70247597129237
Base,LSD,LSD,1.8111237543341878
Base,LSD,LSD,1.659498304175151
Base,LSD,LSD,1.994605709880117
SOC30,LSD,LSD,1.5749961921378384
SOC30,LSD,LSD,1.6638310750968617
SOC30,LSD,LSD,1.7004204248051875
SOC30,LSD,LSD,1.8489169551504374
SOC30,LSD,LSD,1.7640846136660844
SOC30,LSD,LSD,1.8138496459318465
SOC30,LSD,LSD,1.8106314647422392
SOC30,LSD,LSD,1.6886419775448775
SOC30,LSD,LSD,1.703165719683547
SOC30,LSD,LSD,1.6969016969016881
SOC40,LSD,LSD,1.8530300923571208
SOC40,LSD,LSD,2.0034721038284844
SOC40,LSD,LSD,1.9924898347299282
SOC40,LSD,LSD,2.1099337191015084
SOC40,LSD,LSD,1.9809611259852546
SOC40,LSD,LSD,1.9688342676533295
SOC40,LSD,LSD,1.8701177303531848
SOC40,LSD,LSD,1.832298289072841
SOC40,LSD,LSD,1.9677207409070667
SOC40,LSD,LSD,1.900400573969519
SOC50,LSD,LSD,1.8657116089284216
SOC50,LSD,LSD,2.0214916563951335
SOC50,LSD,LSD,1.7336063395062804
SOC50,LSD,LSD,1.9281073477000426
SOC50,LSD,LSD,1.8249240118092476
SOC50,LSD,LSD,1.9173647991008254
SOC50,LSD,LSD,1.9813181488070166
SOC50,LSD,LSD,1.9710744048858815
SOC50,LSD,LSD,2.0085165224540593
SOC50,LSD,LSD,2.0492294793719683
